"RANDID","GENDER","TOTCHOL","AGE","SYSBP","CURSMOKE","CHD"
8533340,1,375,65,151,0,1
1232204,1,310,63,142.5,1,1
5342374,1,346,52,133,1,1
4645346,1,283,66,151,1,1
6318099,1,339,51,137.5,1,1
8368959,1,352,44,164,1,1
2159835,1,285,56,198,1,1
5187398,1,280,63,185,0,1
9661071,1,299,54,146.5,1,1
1291690,1,300,59,163,0,1
9079405,0,358,62,215,1,0
3685290,1,259,55,217,1,1
5273892,1,288,54,145,1,1
7858251,1,290,51,168,1,1
4588247,1,270,64,157,0,1
6513741,1,264,58,156,1,1
5831274,1,299,59,120.5,0,1
3909913,1,312,44,157,1,1
4023490,1,248,63,135,1,1
3929019,0,372,64,169,0,1
4637896,1,276,54,139,1,1
1736230,1,296,50,119,1,1
8725923,1,223,67,214,0,1
2407647,1,266,53,163,1,1
9036299,1,296,47,141,1,1
2175833,1,234,66,114.5,1,1
1557925,1,219,64,172.5,1,1
8750239,1,260,57,123,1,1
7825014,1,228,63,141,1,1
3205466,1,278,49,135,1,1
6870589,1,231,58,171,1,1
9570225,1,203,63,192.5,1,1
5422346,1,230,60,149,1,1
4648740,1,213,63,163,1,1
1872339,1,266,58,138,0,1
7611382,1,327,42,134,0,1
5495102,1,233,60,135,1,1
1711337,1,296,50,129,0,1
7805495,1,225,57,177.5,1,0
7461998,1,271,45,164,1,0
9951428,1,252,60,128,0,0
6901611,1,243,61,142,0,1
1660299,1,211,64,120,1,0
331609,1,246,61,124,0,1
8363780,1,217,61,131,1,1
5283981,1,250,50,148,1,0
127109,1,255,49,143.5,1,0
1267186,1,232,60,165,0,1
1158584,1,203,62,148,1,1
8951223,1,262,49,115,1,0
6884209,0,303,67,204,0,1
8976481,1,238,61,119,0,0
5465261,1,219,63,145.5,0,1
1462942,1,243,51,130,1,1
5908292,0,312,59,175,1,0
786834,1,241,51,126.5,1,0
5793468,0,325,56,160,1,1
9016107,1,227,51,162.5,1,1
8439196,1,221,57,117,1,1
857611,1,239,55,159,0,1
1995090,1,225,52,156,1,1
6286367,1,279,45,143.5,0,0
9894199,0,306,63,195,0,1
5075903,1,305,38,130,0,1
366964,1,210,64,123,0,1
8261032,1,188,62,127.5,1,1
9280843,1,208,62,144,0,1
6129617,1,275,40,112.5,1,1
5132196,0,320,56,142,1,1
2511641,1,263,43,114,1,1
7004582,1,260,41,137.5,1,1
7048683,1,225,50,133.5,1,1
157585,1,220,57,136,0,1
9893552,1,241,45,129,1,1
7515011,1,275,45,105,0,0
4590015,1,210,59,134,0,1
8673853,1,193,56,139,1,1
8714049,1,208,56,167,0,1
4886077,1,213,57,141,0,1
246478,0,278,66,187,0,0
6518202,0,305,64,126.5,0,1
9783441,1,227,47,126,1,1
6314175,1,222,55,129,0,1
1782960,1,222,49,118.5,1,0
9118356,1,232,52,130,0,1
5608192,1,223,53,142.5,0,1
9024436,1,232,50,148.5,0,1
2643586,1,190,59,93.5,1,0
477082,1,253,38,133,1,1
7846178,0,326,51,112,1,1
9527069,1,198,55,176,0,0
6084388,1,207,54,146,0,0
7337118,1,222,52,125,0,0
5708844,0,323,49,123.5,1,0
8451758,0,276,62,185,0,1
5251766,1,219,52,125,0,1
4585070,1,250,41,150,0,0
9132401,1,248,38,110,1,1
654086,1,215,52,129,0,0
7413447,1,234,42,103,1,1
520806,0,273,64,155,0,0
2509916,1,210,47,112,1,0
8839198,1,240,41,158,0,0
7612717,1,230,39,134,1,0
63221,0,272,61,182,0,1
5329295,0,275,63,148,0,1
2539711,1,220,50,114,0,1
4721434,1,225,42,110,1,1
5522225,1,215,49,132,0,1
5867473,1,202,52,136,0,0
5526275,1,266,37,110,0,1
561864,1,193,53,142,0,0
9066379,1,207,45,111,1,0
9672318,0,250,63,190,0,1
517529,1,227,42,144,0,1
8006375,1,212,41,112,1,1
6868248,1,178,48,132.5,1,0
1768410,1,202,48,138,0,0
3146823,0,304,48,102,1,1
8875547,0,254,57,146.5,1,1
1655793,0,296,48,117,1,0
9749700,1,206,48,118,0,0
2077687,0,303,53,117,0,0
9641978,0,271,61,122,0,0
4162382,0,293,54,132,0,0
1039159,0,305,49,135,0,0
1153963,0,271,59,117.5,0,0
4498621,1,211,37,116.5,1,1
4452358,0,261,59,141,0,0
3053543,0,250,55,138,1,1
1925050,0,240,59,122.5,1,0
4233250,1,180,43,131,1,1
180657,0,258,59,138.5,0,0
5500930,1,193,40,122,1,0
8891825,0,240,61,163,0,0
9014129,0,263,53,173,0,1
3325316,1,213,39,130,0,0
3679248,0,234,63,140,0,0
1668597,1,188,39,120,1,0
8988806,0,254,59,116,0,1
7275609,0,254,52,114,1,0
5751269,0,221,65,141,0,0
968222,1,190,44,122,0,0
7138956,0,250,59,120.5,0,0
2353184,0,217,65,140,0,1
6221500,0,308,43,110,0,0
7738509,0,267,46,119,1,1
4801885,1,163,44,105,1,0
2546461,0,274,50,125,0,0
3831731,0,246,51,111.5,1,0
6429394,1,178,41,135,0,0
2853270,0,234,52,111,1,0
16799,0,254,50,133,0,0
4409179,0,290,40,125,0,0
7465400,0,235,48,120,1,0
825785,0,244,46,98,1,0
2080190,0,214,55,154,0,0
1086358,1,176,37,125,0,0
4825868,0,220,56,122,0,0
3347334,0,250,48,117,0,0
4188033,0,255,45,129,0,1
9533411,0,246,46,142.5,0,0
5230709,0,230,45,116,1,0
605940,0,189,61,133,0,0
3667685,0,226,51,130,0,0
8868094,0,220,45,133.5,1,0
9226504,0,222,44,130,1,0
4247627,0,233,43,100,1,0
4479043,0,219,42,126,1,0
3692216,0,170,60,146,0,0
1093820,0,220,51,98,0,0
3783341,0,240,43,110.5,0,0
7331322,0,198,51,142.5,0,0
8692819,0,200,46,112.5,1,0
1182974,0,237,41,125,0,0
9917300,0,213,46,136,0,0
6676898,0,230,43,116,0,0
5633361,0,186,38,166,1,0
6469013,0,212,42,116,0,0
1726701,0,196,38,127,1,0
3735787,0,190,46,126.5,0,0
6670292,0,193,40,105,1,0
9218030,0,205,42,112,0,0
7463172,0,188,39,113,1,0
6181283,0,193,42,137.5,0,0
3266358,0,204,40,122,0,0
8968317,0,214,38,115,0,0
7826273,0,200,39,141,0,0
939959,0,175,44,135,0,0
279463,0,185,37,100,1,0
3467182,0,165,46,127.5,0,0
1205141,0,171,38,110,0,0
3949730,0,170,35,110,0,0
5698028,0,135,35,105,0,0
4549886,0,NA,52,110,1,0
3162976,0,NA,54,111,1,0
1360682,0,NA,41,122.5,1,0
95148,0,NA,52,148,0,1
