SYSBP,AGE,TOTCHOL,GENDER,CURSMOKE
151,65,375,1,0
142.5,63,310,1,1
133,52,346,1,1
151,66,283,1,1
137.5,51,339,1,1
164,44,352,1,1
198,56,285,1,1
185,63,280,1,0
146.5,54,299,1,1
163,59,300,1,0
215,62,358,2,1
217,55,259,1,1
145,54,288,1,1
168,51,290,1,1
157,64,270,1,0
156,58,264,1,1
120.5,59,299,1,0
157,44,312,1,1
135,63,248,1,1
169,64,372,2,0
139,54,276,1,1
119,50,296,1,1
214,67,223,1,0
163,53,266,1,1
141,47,296,1,1
114.5,66,234,1,1
172.5,64,219,1,1
123,57,260,1,1
141,63,228,1,1
135,49,278,1,1
171,58,231,1,1
192.5,63,203,1,1
149,60,230,1,1
163,63,213,1,1
138,58,266,1,0
134,42,327,1,0
135,60,233,1,1
129,50,296,1,0
177.5,57,225,1,1
164,45,271,1,1
128,60,252,1,0
142,61,243,1,0
120,64,211,1,1
124,61,246,1,0
131,61,217,1,1
148,50,250,1,1
143.5,49,255,1,1
165,60,232,1,0
148,62,203,1,1
115,49,262,1,1
204,67,303,2,0
119,61,238,1,0
145.5,63,219,1,0
130,51,243,1,1
175,59,312,2,1
126.5,51,241,1,1
160,56,325,2,1
162.5,51,227,1,1
117,57,221,1,1
159,55,239,1,0
156,52,225,1,1
143.5,45,279,1,0
195,63,306,2,0
130,38,305,1,0
123,64,210,1,0
127.5,62,188,1,1
144,62,208,1,0
112.5,40,275,1,1
142,56,320,2,1
114,43,263,1,1
137.5,41,260,1,1
133.5,50,225,1,1
136,57,220,1,0
129,45,241,1,1
105,45,275,1,0
134,59,210,1,0
139,56,193,1,1
167,56,208,1,0
141,57,213,1,0
187,66,278,2,0
126.5,64,305,2,0
126,47,227,1,1
129,55,222,1,0
118.5,49,222,1,1
130,52,232,1,0
142.5,53,223,1,0
148.5,50,232,1,0
93.5,59,190,1,1
133,38,253,1,1
112,51,326,2,1
176,55,198,1,0
146,54,207,1,0
125,52,222,1,0
123.5,49,323,2,1
185,62,276,2,0
125,52,219,1,0
150,41,250,1,0
110,38,248,1,1
129,52,215,1,0
103,42,234,1,1
155,64,273,2,0
112,47,210,1,1
158,41,240,1,0
134,39,230,1,1
182,61,272,2,0
148,63,275,2,0
114,50,220,1,0
110,42,225,1,1
132,49,215,1,0
136,52,202,1,0
110,37,266,1,0
142,53,193,1,0
111,45,207,1,1
190,63,250,2,0
144,42,227,1,0
112,41,212,1,1
132.5,48,178,1,1
138,48,202,1,0
102,48,304,2,1
146.5,57,254,2,1
117,48,296,2,1
118,48,206,1,0
117,53,303,2,0
122,61,271,2,0
132,54,293,2,0
135,49,305,2,0
117.5,59,271,2,0
116.5,37,211,1,1
141,59,261,2,0
138,55,250,2,1
122.5,59,240,2,1
131,43,180,1,1
138.5,59,258,2,0
122,40,193,1,1
163,61,240,2,0
173,53,263,2,0
130,39,213,1,0
140,63,234,2,0
120,39,188,1,1
116,59,254,2,0
114,52,254,2,1
141,65,221,2,0
122,44,190,1,0
120.5,59,250,2,0
140,65,217,2,0
110,43,308,2,0
119,46,267,2,1
105,44,163,1,1
125,50,274,2,0
111.5,51,246,2,1
135,41,178,1,0
111,52,234,2,1
133,50,254,2,0
125,40,290,2,0
120,48,235,2,1
98,46,244,2,1
154,55,214,2,0
125,37,176,1,0
122,56,220,2,0
117,48,250,2,0
129,45,255,2,0
142.5,46,246,2,0
116,45,230,2,1
133,61,189,2,0
130,51,226,2,0
133.5,45,220,2,1
130,44,222,2,1
100,43,233,2,1
126,42,219,2,1
146,60,170,2,0
98,51,220,2,0
110.5,43,240,2,0
142.5,51,198,2,0
112.5,46,200,2,1
125,41,237,2,0
136,46,213,2,0
116,43,230,2,0
166,38,186,2,1
116,42,212,2,0
127,38,196,2,1
126.5,46,190,2,0
105,40,193,2,1
112,42,205,2,0
113,39,188,2,1
137.5,42,193,2,0
122,40,204,2,0
115,38,214,2,0
141,39,200,2,0
135,44,175,2,0
100,37,185,2,1
127.5,46,165,2,0
110,38,171,2,0
110,35,170,2,0
105,35,135,2,0
110,52,NA,2,1
111,54,NA,2,1
122.5,41,NA,2,1
148,52,NA,2,0
