distance_km,smoothed_elevation_m,rise_from_previous_m
0.0,24.34,0.0
0.1,22.86,-1.48
0.2,21.18,-1.68
0.3,20.6,-0.58
0.4,21.49,0.89
0.5,22.98,1.49
0.6,24.74,1.76
0.7,26.58,1.84
0.8,28.4,1.82
0.9,29.89,1.49
1.0,30.85,0.96
1.1,31.26,0.41
1.2,33.32,2.06
1.3,37.29,3.97
1.4,39.7,2.41
1.5,40.57,0.87
1.6,40.81,0.24
1.7,40.72,-0.09
1.8,40.61,-0.11
1.9,41.24,0.63
2.0,41.84,0.6
2.1,40.7,-1.14
2.2,37.12,-3.58
2.3,33.68,-3.44
2.4,30.53,-3.15
2.5,27.46,-3.07
2.6,24.72,-2.74
2.7,23.89,-0.83
2.8,23.46,-0.43
2.9,23.34,-0.12
3.0,23.48,0.14
3.1,21.12,-2.36
3.2,18.44,-2.68
3.3,15.44,-3.0
3.4,13.56,-1.88
3.5,12.88,-0.68
3.6,14.1,1.22
3.7,15.99,1.89
3.8,18.2,2.21
3.9,21.15,2.95
4.0,24.75,3.6
4.1,26.14,1.39
4.2,26.96,0.82
4.3,25.99,-0.97
4.4,23.2,-2.79
4.5,22.03,-1.17
4.6,23.8,1.77
4.7,27.81,4.01
4.8,31.09,3.28
4.9,32.55,1.46
5.0,33.12,0.57
5.1,33.59,0.47
5.2,35.09,1.5
5.3,36.67,1.58
5.4,37.03,0.36
5.5,36.84,-0.19
5.6,35.76,-1.08
5.7,33.45,-2.31
5.8,30.71,-2.74
5.9,28.63,-2.08
6.0,27.95,-0.68
6.1,28.44,0.49
6.2,28.66,0.22
6.3,30.16,1.5
6.4,32.08,1.92
6.5,32.78,0.7
6.6,34.27,1.49
6.7,35.02,0.75
6.8,32.01,-3.01
6.9,28.39,-3.62
7.0,24.71,-3.68
7.1,21.74,-2.97
7.2,18.61,-3.13
7.3,15.92,-2.69
7.4,14.01,-1.91
7.5,13.26,-0.75
7.6,12.88,-0.38
7.7,12.4,-0.48
7.8,11.78,-0.62
7.9,11.27,-0.51
8.0,11.17,-0.1
8.1,11.34,0.17
8.2,12.15,0.81
8.3,13.57,1.42
8.4,15.82,2.25
8.5,17.64,1.82
8.6,19.05,1.41
8.7,20.75,1.7
8.8,21.94,1.19
8.9,21.0,-0.94
9.0,19.39,-1.61
9.1,19.78,0.39
9.2,20.94,1.16
9.3,20.62,-0.32
9.4,20.03,-0.59
9.5,19.66,-0.37
9.6,18.49,-1.17
9.7,16.65,-1.84
9.8,15.61,-1.04
9.9,15.74,0.13
10.0,15.83,0.09
10.1,15.35,-0.48
10.2,14.84,-0.51
10.3,14.32,-0.52
10.4,14.09,-0.23
10.5,14.06,-0.03
10.6,14.12,0.06
10.7,15.03,0.91
10.8,17.7,2.67
10.9,19.06,1.36
11.0,18.45,-0.61
11.1,16.71,-1.74
11.2,14.45,-2.26
11.3,12.6,-1.85
11.4,11.95,-0.65
11.5,12.41,0.46
11.6,12.91,0.5
11.7,12.23,-0.68
11.8,12.29,0.06
11.9,12.57,0.28
12.0,10.82,-1.75
12.1,8.4,-2.42
12.2,6.63,-1.77
12.3,5.49,-1.14
12.4,4.81,-0.68
12.5,4.48,-0.33
12.6,4.63,0.15
12.7,5.04,0.41
12.8,5.08,0.04
12.9,5.59,0.51
13.0,9.18,3.59
13.1,12.23,3.05
13.2,10.17,-2.06
13.3,8.4,-1.77
13.4,7.9,-0.5
13.5,8.05,0.15
13.6,8.41,0.36
13.7,9.4,0.99
13.8,11.04,1.64
13.9,12.2,1.16
14.0,12.78,0.58
14.1,14.33,1.55
14.2,17.97,3.64
14.3,20.36,2.39
14.4,21.84,1.48
14.5,21.16,-0.68
14.6,19.75,-1.41
14.7,18.08,-1.67
14.8,15.97,-2.11
14.9,13.96,-2.01
15.0,12.77,-1.19
15.1,13.38,0.61
15.2,14.21,0.83
15.3,14.04,-0.17
15.4,12.45,-1.59
15.5,9.53,-2.92
15.6,7.39,-2.14
15.7,7.72,0.33
15.8,8.17,0.45
15.9,7.66,-0.51
16.0,6.77,-0.89
16.1,5.98,-0.79
16.2,5.01,-0.97
16.3,4.36,-0.65
16.4,4.77,0.41
16.5,5.11,0.34
16.6,5.19,0.08
16.7,4.94,-0.25
16.8,4.69,-0.25
16.9,4.38,-0.31
17.0,4.14,-0.24
17.1,3.89,-0.25
17.2,3.74,-0.15
17.3,3.9,0.16
17.4,4.22,0.32
17.5,4.61,0.39
17.6,4.85,0.24
17.7,4.7,-0.15
17.8,4.56,-0.14
17.9,5.92,1.36
18.0,7.51,1.59
18.1,7.53,0.02
18.2,7.39,-0.14
18.3,7.83,0.44
18.4,8.29,0.46
18.5,7.85,-0.44
18.6,8.05,0.2
18.7,8.68,0.63
18.8,8.89,0.21
18.9,10.02,1.13
19.0,10.84,0.82
19.1,9.76,-1.08
19.2,7.75,-2.01
19.3,6.71,-1.04
19.4,7.06,0.35
19.5,7.6,0.54
19.6,7.84,0.24
19.7,7.08,-0.76
19.8,2.01,-5.07
19.9,1.13,-0.88
20.0,2.59,1.46
20.1,2.66,0.07
20.2,4.7,2.04
20.3,4.7,0.0
20.4,4.86,0.16
20.5,4.55,-0.31
20.6,4.57,0.02
20.7,4.8,0.23
20.8,5.46,0.66
20.9,4.77,-0.69
21.0,5.08,0.31
21.1,6.3,1.22
21.2,5.81,-0.49
21.3,5.54,-0.27
21.4,5.57,0.03
21.5,5.51,-0.06
21.6,5.25,-0.26
21.7,5.03,-0.22
21.8,5.17,0.14
21.9,5.64,0.47
22.0,6.17,0.53
22.1,6.26,0.09
22.2,6.74,0.48
22.3,7.88,1.14
22.4,8.03,0.15
22.5,7.42,-0.61
22.6,6.94,-0.48
22.7,6.77,-0.17
22.8,6.82,0.05
22.9,6.87,0.05
23.0,6.91,0.04
23.1,6.52,-0.39
23.2,6.04,-0.48
23.3,6.2,0.16
23.4,6.22,0.02
23.5,6.1,-0.12
23.6,6.19,0.09
23.7,6.38,0.19
23.8,6.44,0.06
23.9,6.34,-0.1
24.0,6.28,-0.06
24.1,6.21,-0.07
24.2,6.26,0.05
24.3,6.28,0.02
24.4,6.21,-0.07
24.5,6.25,0.04
24.6,6.81,0.56
24.7,8.0,1.19
24.8,7.84,-0.16
24.9,9.54,1.7
25.0,9.6,0.06
25.1,7.71,-1.89
25.2,6.91,-0.8
25.3,7.15,0.24
25.4,7.71,0.56
25.5,8.97,1.26
25.6,10.71,1.74
25.7,13.77,3.06
25.8,15.18,1.41
25.9,14.63,-0.55
26.0,14.47,-0.16
26.1,15.25,0.78
26.2,15.09,-0.16
26.3,14.9,-0.19
26.4,14.69,-0.21
26.5,14.71,0.02
26.6,15.89,1.18
26.7,15.86,-0.03
26.8,15.68,-0.18
26.9,16.98,1.3
27.0,18.22,1.24
27.1,18.25,0.03
27.2,18.21,-0.04
27.3,17.67,-0.54
27.4,17.29,-0.38
27.5,15.3,-1.99
27.6,13.4,-1.9
27.7,12.8,-0.6
27.8,13.28,0.48
27.9,12.35,-0.93
28.0,11.12,-1.23
28.1,9.8,-1.32
